local-authority-eng:ADU,2021-09-10,"https://www.adur-worthing.gov.uk/media/Media,146509,smxx.csv"
local-authority-eng:ALL,2018-07-30,https://www-cloudfront.allerdale.gov.uk/media/filer_public/e2/4f/e24f8151-3b1c-421d-9909-0a6f29bfe831/allerdale_brownfieldregister_2017-12-20_1.csv
local-authority-eng:AMB,2020-05-21,http://info.ambervalley.gov.uk/shareddatasets/brownfieldlandregister/AmberValleyBrownfieldLandRegister2020.csv
local-authority-eng:ARU,2022-03-09,https://www.arun.gov.uk/download.cfm?doc=docm93jijm4n18421.csv&ver=19663
local-authority-eng:ASF,2020-10-19,https://www.ashford.gov.uk/media/b2cl5d2m/ashford_borough_council_brownfield_register-17-12-2018-1.csv
local-authority-eng:ASH,2021-09-07,https://www.ashfield.gov.uk/media/8d8bb9b008bf11b/brownfield-land.csv
local-authority-eng:AYL,2019-12-21,https://www.aylesburyvaledc.gov.uk/sites/default/files/page_downloads/aylesbury_vale_brownfield_register_2017-12-19_Part_2_rev1%20%283%29.csv
local-authority-eng:BAB,2021-09-10,https://www.midsuffolk.gov.uk/assets/Planning-Policy/BMSDC-BrownfieldRegister-2017-12-21.csv
local-authority-eng:BAE,2020-03-30,https://data.bassetlaw.gov.uk/media/7381/brownfieldlandregister2020.csv
local-authority-eng:BAI,2020-03-10,https://www.basildon.gov.uk/media/9927/Basildon-Council-Brownfield-Land-Register-Part-1-2019-Oct-2019/CSV/Basildon_Council_-_Brownfield_Land_Register_Part_1_2019.csv
local-authority-eng:BAN,2021-12-30,https://www.basingstoke.gov.uk/content/page/65625/Brownfield%20Land%20Register%202021.csv
local-authority-eng:BAR,2021-10-12,https://www.barrowbc.gov.uk/_resources/assets/attachment/full/0/9366.csv
local-authority-eng:BAS,2019-12-22,https://www.bathnes.gov.uk/sites/default/files/sitedocuments/Planning-and-Building-Control/Planning-Policy/brownfield_register_2019.csv
local-authority-eng:BBD,2020-10-05,https://blackburn-darwen.org.uk/wp-content/uploads/brownfield-land.csv
local-authority-eng:BDF,2021-12-30,https://bbcdevwebfiles.blob.core.windows.net/webfiles/Planning%20and%20Building/Planning%20Policy/brownfield-land-register-dec-2021.csv
local-authority-eng:BDG,2021-09-07,https://www.lbbd.gov.uk/sites/default/files/attachments/Barking-and-Dagenham-Brownfield-Land-Register.csv
local-authority-eng:BEN,2020-10-19,https://www.brent.gov.uk/media/16412569/brownfield-register-web.csv
local-authority-eng:BEX,2021-01-04,https://www.bexley.gov.uk/sites/default/files/2020-12/bexley-brownfield-register-2020-03-31-rev4.csv
local-authority-eng:BIR,2019-12-01,http://inspire.misoportal.com/csv/files/birmingham_city_council/birmingham_brownfieldregister_2018-09-21_rev1.csv
local-authority-eng:BLA,2019-11-29,https://www.blaby.gov.uk/media/1757/brownfield-land.csv
local-authority-eng:BMH,2019-11-29,https://www.bournemouth.gov.uk/planningbuilding/PlanningPolicy/PlanningPolicyFiles/brownfieldlandregister/2018Register.csv
local-authority-eng:BNE,2020-03-10,https://open.barnet.gov.uk/download/249xe/2gv/Brownfield%20Land%20Register%202019%20-%20Barnet.xlsx
local-authority-eng:BNH,2022-03-09,https://www.brighton-hove.gov.uk/sites/default/files/2021-12/BHCC_Brownfield_Land_Register_Update_2021.csv
local-authority-eng:BNS,2020-10-19,https://www.barnsley.gov.uk/media/15690/brownfield-register-2017-08-11.xlsx
local-authority-eng:BOL,2018-07-30,http://www.bolton.gov.uk/sites/DocumentCentre/Documents/bolton_brownfieldregister_2017-12-19_rev1.csv.csv
local-authority-eng:BOS,2021-12-30,https://www.bolsover.gov.uk/component/edocman/13538-brownfield-land-register-in-csv-format-2/download?Itemid=undefined
local-authority-eng:BOT,2021-12-30,https://www.mybostonuk.com/wp-content/uploads/2021/12/boston_brownfieldregister.xlsx
local-authority-eng:BPC,2021-09-07,https://www.bcpcouncil.gov.uk/Planning-and-building-control/Planning-policy/Brownfield-land-register/Docs/bcp-blr-2020.csv
local-authority-eng:BPL,2021-12-30,https://www.blackpool.gov.uk/Residents/Planning-environment-and-community/Documents/2021-Brownfield-register.csv
local-authority-eng:BRA,2020-12-22,https://www.braintree.gov.uk/downloads/file/1102/brownfield-land
local-authority-eng:BRC,2022-03-09,https://www.bracknell-forest.gov.uk/sites/default/files/2021-08/brownfield-register-2020.xlsx
local-authority-eng:BRD,2019-12-22,https://datahub.bradford.gov.uk/opendata/brownfield_register/Brownfield%20Register%202019.csv
local-authority-eng:BRE,2021-12-30,https://www.breckland.gov.uk/media/7298/Brownfield-Land-Register/CSV/Brownfield_Land_Register.csv?m=637551181866770000
local-authority-eng:BRM,2019-12-14,https://www.bromsgrove.gov.uk/media/4887964/bblr-2019.csv
local-authority-eng:BRO,2021-09-07,https://www.southnorfolkandbroadland.gov.uk/downloads/file/434/broadland-brownfield-site-register-2020-csv-copy-
local-authority-eng:BRT,2019-12-02,https://www.broxtowe.gov.uk/media/5875/broxtowe_brownfieldregister_2018-12-18_rev1.csv
local-authority-eng:BRW,2021-09-07,https://document.brentwood.gov.uk/pdf/20042021132750000000.xlsm
local-authority-eng:BRX,2019-11-29,https://ex.broxbourne.gov.uk/sites/default/files/documents/Communications/Brownfield%20Register%20-%202019.xlsx
local-authority-eng:BRY,2019-12-04,https://www.bromley.gov.uk/download/downloads/id/3318/brownfield_land_register.csv
local-authority-eng:BST,2019-12-21,https://www.bristol.gov.uk/documents/20182/931857/brownfield-land.csv/eb85dc8e-aa90-c076-6a3f-e8b16188ae35
local-authority-eng:BUN,2021-09-07,https://www.burnley.gov.uk/sites/default/files/Burnley%27s%20Brownfield%20Land%20Register%2004-03-21.csv
local-authority-eng:BUR,2021-09-07,https://www.bury.gov.uk/CHttpHandler.ashx?id=21481&p=0
local-authority-eng:CAB,2021-09-07,https://data.cambridgeshireinsight.org.uk/sites/default/files/Cambridge%20City%20Brownfield%20Land_0.csv
local-authority-eng:CAN,2019-12-05,http://www.cannockchasedc.gov.uk/sites/default/files/brownfield_land_register_2019cvs.csv
local-authority-eng:CAR,2020-10-19,https://www.carlisle.gov.uk/Portals/24/Documents/Evidence_Base/Brownfield%20Register/Brownfield%20Register%20Part%201%202018.csv
local-authority-eng:CAS,2019-12-21,https://www.castlepoint.gov.uk/download.cfm?doc=docm93jijm4n3985.csv&ver=6689
local-authority-eng:CAT,2021-12-30,https://drive.google.com/file/d/1YXPsfXTfUS64RKlKhiEz2OlGKDm5rkMZ/view?usp=drivesdk
local-authority-eng:CBF,2019-12-22,https://centralbedfordshire.app.box.com/s/sjxveden08abbqo7loj9trcu1s5u6108
local-authority-eng:CHA,2021-12-30,https://www.charnwood.gov.uk/files/documents/charnwood_brownfield_register_2021/brownfield-land.csv
local-authority-eng:CHC,2019-11-29,https://www.dorsetcouncil.gov.uk/planning-buildings-land/planning-policy/east-dorset/local-development-framework/pdfs/brownfield-land-registers/christchurch-brownfieldregister-2018-12-20-rev1.csv
local-authority-eng:CHE,2020-12-23,https://maps.cheshireeast.gov.uk/ce/inspire/brownfield-land.csv
local-authority-eng:CHI,2020-12-21,https://www.chichester.gov.uk/media/34512/Brownfield-Land-Register-2020/csv/Brownfield_Land_Register_2020.csv
local-authority-eng:CHL,2020-04-02,https://www.chelmsford.gov.uk/_resources/assets/attachment/full/0/1095043.csv
local-authority-eng:CHN,2019-11-29,https://chiltern.gov.uk/media/12650/Chiltern-Brownfield-Land-Register-Part-1/CSV/Chiltern_Brownfield_Register_-_Part_1.csv
local-authority-eng:CHO,2021-09-07,https://chorley.gov.uk/media/863/brownfield-sites-Chorley-2020/Excel/brownfield-sites_Chorley_December_2020.csv?m=637478600111400000
local-authority-eng:CHR,2021-01-11,https://www.cherwell.gov.uk/download/downloads/id/9839/cherwell-brownfieldregister-2021-01-04-rev1.csv
local-authority-eng:CHS,2021-01-11,https://www.chesterfield.gov.uk/media/1028496/cbc-brownfield-register-march-2020.csv
local-authority-eng:CHT,2020-03-10,https://www.cheltenham.gov.uk/download/downloads/id/7903/cheltenham_brownfield_register_2019.csv
local-authority-eng:CHW,2020-04-02,https://consult.cheshirewestandchester.gov.uk/file/5618778
local-authority-eng:CLD,2019-11-22,https://dataworks.calderdale.gov.uk/download/brownfield-land-register/ce479c95-8ad9-4e3f-98fe-c8c59d0a7742/Brownfield%20land%20register%202018.xlsx
local-authority-eng:CMD,2018-07-05,https://opendata.camden.gov.uk/api/views/dc7i-3xh8/rows.csv?accessType=DOWNLOAD
local-authority-eng:COL,2020-02-05,http://datashare.colchester.gov.uk/download/planning-and-licensing/brownfield-land-register/dec-2017/CSV
local-authority-eng:CON,2021-09-07,https://www.cornwall.gov.uk/media/chibtpq2/brownfield_land-2020csv.csv
local-authority-eng:COP,2020-12-18,https://www.copeland.gov.uk/sites/default/files/attachments/copeland_brownfield_register.csv
local-authority-eng:COR,2021-09-07,http://www.nnjpdu.org.uk/site/assets/files/1469/brownfieldlandregistertemplate_-_2020_final_version.xlsm
local-authority-eng:COT,2019-12-09,https://www.cotswold.gov.uk/media/1688109/1204-Brownfield-Register-2018-CSV.csv
local-authority-eng:COV,2019-11-30,https://www.coventry.gov.uk/download/downloads/id/27571/brownfield_land_register.xlsm
local-authority-eng:CRA,2021-12-30,https://www.cravendc.gov.uk/media/10804/brownfield-land-register-live-2021.xlsx
local-authority-eng:CRW,2020-12-23,https://crawley.gov.uk/sites/default/files/2020-12/Brownfield%20Land%20Register.csv
local-authority-eng:CRY,2021-09-07,https://www.croydon.gov.uk/sites/default/files/2021-01/Brownfield%20_register_2020.xlsx
local-authority-eng:DAC,2022-01-04,https://www.dacorum.gov.uk/docs/default-source/default-document-library/dacorum-borough-council-brownfield-land-register-20213df66b4551156b7f9bc7ff00000246a4.csv?sfvrsn=99e3009e_0&download=true
local-authority-eng:DAL,2021-09-07,https://www.darlington.gov.uk/media/12046/brownfield-land-register-2020-vs3.xlsm
local-authority-eng:DAR,2020-01-07,https://www.dartford.gov.uk/__data/assets/file/0004/886720/Brownfield-Land-Register2019-2312Rev.csv
local-authority-eng:DAV,2019-12-14,https://www.daventrydc.gov.uk/EasySiteWeb/GatewayLink.aspx?alId=48857
local-authority-eng:DEB,2020-12-22,https://www.derbyshiredales.gov.uk/images/documents/B/Brownfield_land_Register_2020.csv
local-authority-eng:DER,2019-12-21,https://www.derby.gov.uk/media/derbycitycouncil/contentassets/documents/policiesandguidance/planning/Brownfield_Reg_2019.csv
local-authority-eng:DNC,2019-11-30,https://dmbcwebstolive01.blob.core.windows.net/media/Default/Planning/Documents/Local%20Plan/Self%20build%20register/Brown%20Field%20Land%20Register%202018.csv
local-authority-eng:DOV,2021-12-30,https://www.dover.gov.uk/Planning/Planning-Policy-and-Regeneration/Regeneration-and-Development-Opportunities/Brownfield-Register/BrownField-Register-2021.csv
local-authority-eng:DST,2021-09-07,https://www.dorsetcouncil.gov.uk/documents/35024/288820/Brownfield+land.csv/d2447101-61fd-11cb-c014-79aa041e4c42?t=1625743914942
local-authority-eng:DUD,2020-03-13,https://www.dudley.gov.uk/media/14362/brownfield-land.csv
local-authority-eng:DUR,2019-12-14,https://www.durham.gov.uk/media/10317/Brownfield-Land-Register/csv/BrownfieldRegister2019.csv
local-authority-eng:EAL,2018-05-22,https://www.ealing.gov.uk/download/downloads/id/12723/ealings_brownfield_land_register_version_1.csv
local-authority-eng:EAS,2021-09-10,https://www.lewes-eastbourne.gov.uk/_resources/assets/inline/full/0/276259.csv
local-authority-eng:EAT,2018-05-22,https://www.eastleigh.gov.uk/media/2243/eastleigh2017-12-211-2.csv
local-authority-eng:ECA,2020-01-10,https://www.eastcambs.gov.uk/sites/default/files/Brownfield%20Register%202019%20CSV%20file.csv
local-authority-eng:EDE,2019-11-26,https://eastdevon.gov.uk/media/3437875/2019eddcbrownfieldlandregisterfinalcsvweb.csv
local-authority-eng:EDN,2020-10-19,https://www.eden.gov.uk/media/5201/brownfield_land_register_300320.xlsx
local-authority-eng:EDO,2019-11-29,https://www.dorsetcouncil.gov.uk/planning-buildings-land/planning-policy/east-dorset/local-development-framework/pdfs/brownfield-land-registers/east-dorset-brownfieldregister-2018-12-20-rev1.csv
local-authority-eng:EHA,2019-11-30,https://www.easthants.gov.uk/sites/default/files/documents/Brownfield%20register%202019%20Part%201.csv
local-authority-eng:EHE,2018-05-22,https://www.eastherts.gov.uk/media/32459/Brownfield-Register/spreadsheet/Brownfield_Land_Register-_Excel.xlsx
local-authority-eng:ELI,2019-12-14,https://www.e-lindsey.gov.uk/media/9639/eastlindsey-brownfieldregister-2018-06-26-rev1/CSV/eastlindsey_brownfieldregister_2018-06-26_rev1.csv
local-authority-eng:ELM,2022-03-09,https://emaps.elmbridge.gov.uk/projects/ebc/publisher/elmbridge_brownfieldregister.csv
local-authority-eng:ENF,2021-09-08,https://new.enfield.gov.uk/services/planning/planning-policy-information-enfield-blr-part-1.xlsx
local-authority-eng:ENO,2021-09-10,http://www.nnjpdu.org.uk/site/assets/files/1451/brownfieldlandregistertemplate_-_2019_update_-_online_version.xlsm
local-authority-eng:EPP,2020-10-19,https://www.eppingforestdc.gov.uk/wp-content/uploads/2020/08/Brownfield-Register.pdf
local-authority-eng:EPS,2021-01-11,https://epsom-ewell.gov.uk/sites/default/files/documents/residents/planning/planning-policy/other-planning-documents/2%20BLR%20summary%202020%20csv.csv
local-authority-eng:ERE,2020-12-23,https://erewash.gov.uk/images/Planning_Policy/brownfield-land.csv
local-authority-eng:ERY,2019-12-14,https://www.eastriding.gov.uk/EasySiteWeb/GatewayLink.aspx?alId=679410
local-authority-eng:ESK,2020-12-21,https://www.eastsuffolk.gov.uk/assets/Planning/Brownfield-Land-Register/brownfield-land.csv
local-authority-eng:EST,2019-12-14,https://www.eaststaffsbc.gov.uk/sites/default/files/docs/planning/planningpolicy/brownfield/ESBC_Brownfield-Register-Oct%202019-FINAL.csv
local-authority-eng:EXE,2019-12-14,https://exeter.gov.uk/media/4729/brownfield-register-2019.xlsx
local-authority-eng:FAR,2021-01-04,http://www.fareham.gov.uk/PDF/planning/Brownfield/BrownfieldLandRegisterPart1.csv
local-authority-eng:FEN,2019-12-21,https://www.fenland.gov.uk/media/16169/brownfield-land/csv/brownfield-land.csv
local-authority-eng:FOE,2021-01-11,https://www.fdean.gov.uk/media/8d896eb231e72f1/brownfield-land-register.xlsx
local-authority-eng:FOR,2018-05-22,https://www.westsuffolk.gov.uk/planning/Planning_Policies/upload/2017-12-13-Brownfield-land-register-csv-2.csv
local-authority-eng:FYL,2019-11-30,https://new.fylde.gov.uk/wp-content/uploads/2019/06/Fylde-Council-Brownfield-Land-Register.pdf
local-authority-eng:GAT,2019-12-21,https://www.gateshead.gov.uk/media/6902/Gateshead-brownfield-register/excel/Gateshead_brownfieldregister_2019-07-08_rev1.csv
local-authority-eng:GED,2021-01-05,https://www.gedling.gov.uk/media/gedlingboroughcouncil/documents/planningpolicy/brownfieldregister2020/brownfield-land.csv.csv
local-authority-eng:GLA,2021-09-10,https://data.london.gov.uk/download/brownfield-land-register/dd05e60b-e922-4ca6-8e29-784d694e5a39/London_Brownfiled_Register.csv
local-authority-eng:GLO,2021-12-30,https://www.gloucester.gov.uk/media/5696/brownfield-land.csv
local-authority-eng:GOS,2020-02-17,https://www.gosport.gov.uk/1777
local-authority-eng:GRA,2021-09-08,https://www.gravesham.gov.uk/__data/assets/excel_doc/0009/449568/Gravesham_Brownfield_Land_Register.xlsm
local-authority-eng:GRE,2019-12-14,https://www.royalgreenwich.gov.uk/downloads/file/3572/brownfield_land_register_csv
local-authority-eng:GRT,2019-12-14,https://www.guildford.gov.uk/media/26733/Guildford-Borough-Council-Brownfield-Land-Register-November-2019-csv-format-/CSV/guildford_brownfieldregister_2019_11_22_rev11.csv
local-authority-eng:GRY,2021-09-08,https://www.great-yarmouth.gov.uk/media/5939/Brownfield-Register-as-CSV/csv/Brownfield_Register_2020__Update.csv
local-authority-eng:HAA,2018-05-22,https://www.havant.gov.uk/havant-brownfield-register-2017-pdf-18-kb
local-authority-eng:HAE,2020-02-03,https://opendata.arcgis.com/datasets/eb4ffb7c2da7404d9d5faada94565df5_0.csv
local-authority-eng:HAG,2021-09-08,https://www.harrogate.gov.uk/downloads/file/191/brownfield-land-register
local-authority-eng:HAL,2019-12-14,http://inspire.halton.gov.uk/data/halton_brownfieldregister_2018-11-06_rev1.csv
local-authority-eng:HAO,2021-09-08,https://www.harborough.gov.uk/download/downloads/id/6614/part_1_harborough_brownfield_land_register.csv
local-authority-eng:HAR,2019-12-14,https://www.harlow.gov.uk/sites/default/files/documents/Brownfield%20land%20register%20-%20part%201.csv
local-authority-eng:HAS,2021-12-30,https://www.hastings.gov.uk/content/planning/planning_policy/pdfs/brownfield_land_register.csv
local-authority-eng:HAT,2022-03-09,https://www.hart.gov.uk/sites/default/files/4_The_Council/Policies_and_published_documents/Planning_policy/Brownfield_Land_Register_Feb_2022_CSV.csv
local-authority-eng:HAV,2019-10-20,https://www.havering.gov.uk/download/downloads/id/2999/brownfield_land_register_csv_file.csv
local-authority-eng:HCK,2020-10-19,https://drive.google.com/uc?export=download&id=1qpyaNoBf3VTCxE9a5IQ3DDapYXIsIbyj
local-authority-eng:HEF,2022-03-09,https://www.herefordshire.gov.uk/downloads/file/13144/brownfield-sites-register-2021-csv
local-authority-eng:HER,2018-05-22,https://www.hertsmere.gov.uk/Documents/09-Planning--Building-Control/Planning-Policy/hertsmere-brownfieldregister-2017-12-22-rev1-correction2018-03.xlsx
local-authority-eng:HIG,2020-03-31,https://www.highpeak.gov.uk/media/4893/Brownfield-Land-Register-2019-CSV-Mar20/Excel/hp_brownfield-land.csv.CSV
local-authority-eng:HIL,2019-11-30,https://archive.hillingdon.gov.uk/media/38639/CSV-file/xls/hillingdon_brownfieldregister_2017-12-31_rev1.csv
local-authority-eng:HIN,2019-12-14,https://www.hinckley-bosworth.gov.uk/download/downloads/id/5936/brownfield_register_2018.csv
local-authority-eng:HMF,2021-09-10,https://data.london.gov.uk/download/brownfield-land-register/dd05e60b-e922-4ca6-8e29-784d694e5a39/London_Brownfiled_Register.csv
local-authority-eng:HNS,2020-10-19,https://data.hounslow.gov.uk/dataset/65a6215b-99d8-4df3-a01d-06614384e6d0/resource/7de9647f-63c1-4a13-b96c-03cd8aeac957/download/register-of-brownfield-land.csv
local-authority-eng:HOR,2021-12-30,https://www.horsham.gov.uk/__data/assets/file/0003/108975/brownfield-land.csv
local-authority-eng:HPL,2021-01-04,https://www.hartlepool.gov.uk/download/downloads/id/3889/brownfield_land_register_-_part_1.xlsm
local-authority-eng:HRW,2021-09-10,https://data.london.gov.uk/download/brownfield-land-register/dd05e60b-e922-4ca6-8e29-784d694e5a39/London_Brownfiled_Register.csv
local-authority-eng:HRY,2020-10-19,https://www.haringey.gov.uk/sites/haringeygovuk/files/brownfield_register.csv
local-authority-eng:HUN,2020-12-21,https://huntingdonshire.gov.uk/media/4117/brownfield-land.csv
local-authority-eng:HYN,2021-09-08,https://www.hyndburnbc.gov.uk/download-package/brownfield-register/?wpdmdl=5825&ind=rjl93FhX7rEVB71ik76HA-oqUgosxkw_ulf5fmIEjsaJdtG805Z93Mt_aZZSXlezmvxFGrzSdeuV5qOcbqIrvg
local-authority-eng:IOS,2018-05-22,http://www.scilly.gov.uk/sites/default/files/document/planning/Isles%20of%20Scilly%20Brownfield%20Land%20Register%20v1.0.xlsm
local-authority-eng:IOW,2021-01-11,https://www.iow.gov.uk/azservices/documents/2983-Brownfield-Register-2020-final-.csv
local-authority-eng:IPS,2021-09-08,https://www.ipswich.gov.uk/sites/www.ipswich.gov.uk/files/brownfieldlandregisteripswich.csv
local-authority-eng:ISL,2020-10-27,https://www.islington.gov.uk/~/media/sharepoint-lists/public-records/planningandbuildingcontrol/publicity/publicnotices/20202021/20201014islingtonbrownfieldlandregister2019.csv
local-authority-eng:KEC,2021-09-08,https://planningconsult.rbkc.gov.uk/gf2.ti/f/849826/29867749.1/XLS/-/RBKC%20Proposed%20Brownfield%20Land%20Register%20Sep%202017%20EXCEL.xls
local-authority-eng:KET,2021-09-10,http://www.nnjpdu.org.uk/site/assets/files/1469/brownfieldlandregistertemplate_-_2020_final_version.xlsm
local-authority-eng:KHL,2021-12-30,https://www.hull.gov.uk/sites/hull/files/media/brownfield-land.csv
local-authority-eng:KIN,2018-05-22,https://www.west-norfolk.gov.uk/download/downloads/id/3526/brownfield_land_register_2017_-_csv.csv
local-authority-eng:KIR,2019-12-22,https://www.kirklees.gov.uk/brownfieldlandregister
local-authority-eng:KTT,2021-09-08,https://www.kingston.gov.uk/downloads/file/94/kingston-brownfield-register-december-2017
local-authority-eng:KWL,2020-03-31,https://www.knowsley.gov.uk/knowsleycouncil/media/Documents/Knowsley_BrownfieldRegister_-March2020.xlsx
local-authority-eng:LAC,2019-12-13,https://www.lancaster.gov.uk/assets/attach/5743/lancaster_brownfieldregister_2019.csv
local-authority-eng:LBH,2020-12-22,https://www.lambeth.gov.uk/sites/default/files/brownfield-land.csv
local-authority-eng:LCE,2020-01-16,https://data.leicester.gov.uk/explore/dataset/leicester_brownfieldregister_2017-12-31_rev1/download/?format=csv&timezone=Europe/London&use_labels_for_header=true&csv_separator=%2C
local-authority-eng:LCR,2020-03-10,https://www.liverpoolcityregion-ca.gov.uk/wp-content/uploads/LCRCA_Brownfield_Reg_230218.xlsx
local-authority-eng:LDS,2019-11-22,https://datamillnorth.org/download/brownfield-land-register/32a6402d-835f-4f19-94fb-68da359422db/Brownfield.csv
local-authority-eng:LEE,2020-12-23,https://www.lewes-eastbourne.gov.uk/_resources/assets/inline/full/0/276259.csv
local-authority-eng:LEW,2020-12-23,https://lewisham.gov.uk/-/media/files/imported/brownfieldlandregister-1.ashx
local-authority-eng:LIC,2019-11-30,https://www.lincoln.gov.uk/downloads/file/507/brownfield-land-register-sites
local-authority-eng:LIF,2021-12-30,https://data.lichfielddc.gov.uk/Download/land-and-property/brownfield-land-registers/brownfield-land-register-2021/CSV?version=22/12/2021
local-authority-eng:LIV,2021-09-08,https://liverpool.gov.uk/media/1356598/blr-2020-x-107_mi.csv
local-authority-eng:LND,2021-01-11,https://www.cityoflondon.gov.uk/assets/Services-Environment/city-of-london-brownfieldregister-2021-01-05.xlsx
local-authority-eng:LUT,2019-12-20,https://www.luton.gov.uk/Environment/Lists/LutonDocuments/Excel/HOU-014.csv
local-authority-eng:MAI,2019-11-30,http://www.maidstone.gov.uk/__data/assets/file/0006/276558/Brownfield-Land-Register-Part-One-30-April-2019.csv
local-authority-eng:MAL,2019-12-14,http://www.maldon.gov.uk/download/downloads/id/17449/maldon_district_brownfield_land_register_part_1_2018_csv.csv
local-authority-eng:MAN,2020-10-19,http://www.manchester.gov.uk/download/downloads/id/27405/2019_brownfield_land_register.csv
local-authority-eng:MAS,2021-09-08,https://www.mansfield.gov.uk/downloads/file/413/csv-link
local-authority-eng:MAV,2022-03-09,https://www.malvernhills.gov.uk/component/fileman/file/Documents/Planning/Planning%20Policy/Brownfield%20Land%20Register%20Plans/Malvern%20Hills%20District%20Council%20Brownfield%20Land%20Register%202021.xlsx?routed=1&container=fileman-files
local-authority-eng:MDB,2020-10-19,https://www.middlesbrough.gov.uk/sites/default/files/Brownfield-sites-March-2020-update.csv
local-authority-eng:MDE,2019-12-14,https://www.middevon.gov.uk/media/346997/middevon_brownfieldregister_2018-12-31_rev1.csv
local-authority-eng:MDW,2020-12-15,https://www.medway.gov.uk/download/downloads/id/1833/brownfield_register.csv
local-authority-eng:MEL,2021-09-10,https://40598510-d83b-48fe-b4fd-63400f103e39.filesusr.com/ugd/c2f881_ab7d518f7fc34272a4e56e57e959e13a.csv?dn=Melton_brownfieldregister_2020-12-31.csv
local-authority-eng:MEN,2019-11-19,https://www.mendip.gov.uk/media/17256/mendip-brownfieldregister-2017-12-10-rev1/CSV/mendip_brownfieldregister_2018-11-20_rev1.csv?m=636796831846800000
local-authority-eng:MIK,2019-12-14,https://www.milton-keynes.gov.uk/assets/attach/58386/milton-keynes_brownfieldregister_2018-09-30_rev2.csv
local-authority-eng:MOL,2021-12-30,https://www.molevalley.gov.uk/sites/default/files/home/building-planning/local-plans/harmonised-brownfield-land_0.csv
local-authority-eng:MRT,2020-10-19,https://www.merton.gov.uk/assets/Documents/Merton_Brownfield_Register_2019.csv
local-authority-eng:MSS,2018-05-22,https://www.midsussex.gov.uk/media/2619/mid-sussex-brownfield-land-register.csv
local-authority-eng:MSU,2020-12-23,https://www.midsussex.gov.uk/media/5664/mid-sussex-brownfield-land-register-csv.csv
local-authority-eng:NBL,2022-01-04,https://www.northumberland.gov.uk/NorthumberlandCountyCouncil/media/Planning-and-Building/planning%20policy/Studies%20and%20Evidence%20Reports/Housing%20Studies/7.%20Brownfield/Northumberland_Brownfield_Land_Register_2021-excel.xlsx
local-authority-eng:NDE,2021-12-30,https://www.northdevon.gov.uk/media/381096/brownfield-sites-dec-2021.xlsx
local-authority-eng:NDO,2018-07-05,https://www.dorsetforyou.gov.uk/planning-buildings-land/planning-policy/north-dorset-planning-policy/pdfs/north-dorset-brownfield-register-2017-12-20.csv
local-authority-eng:NEA,2021-09-10,https://www.newark-sherwooddc.gov.uk/media/newark-and-sherwood/images-and-files/planning-policy/pdfs/brownfield-land-register/Brownfield-Land-Register-2020-CSV.csv
local-authority-eng:NEC,2022-03-09,https://www.newcastle-staffs.gov.uk/downloads/file/136/current-brownfield-land-register-csv-file-
local-authority-eng:NED,2020-10-19,https://www.ne-derbyshire.gov.uk/component/edocman/brownfield-land-register-csv/download
local-authority-eng:NEL,2021-12-30,https://www.nelincs.gov.uk/assets/uploads/2021/12/Brownfield-Land-2021.csv
local-authority-eng:NET,2019-11-22,https://datamillnorth.org/download/newcastle-city-council-brownfield-sites/25c68c82-45bb-4115-a192-33b9f9a07d0e/NewcastleCityCouncil_Brownfield_Register_19_12_2018.csv
local-authority-eng:NEW,2021-09-08,https://www.newforest.gov.uk/media/799/Brownfield-Register-CSV/zip/Brownfield_Land_Register_Park_1_CSV.zip?m=637438944915170000
local-authority-eng:NGM,2021-12-30,https://geoserver.nottinghamcity.gov.uk/opendata/csv/spatial/ncc_Brownfield_Register.csv
local-authority-eng:NHE,2020-03-13,https://www.north-herts.gov.uk/sites/northherts-cms/files/Brownfield%20Register%202019%20update.xlsx
local-authority-eng:NKE,2020-12-23,https://www.n-kesteven.gov.uk/_resources/assets/attachment/full/0/78037.csv
local-authority-eng:NLN,2019-12-22,http://m.northlincs.gov.uk/public/brownfield_register/Brownfield_register_17_12_19.csv
local-authority-eng:NNO,2019-12-22,https://www.north-norfolk.gov.uk/media/5593/northnorfolk_brownfieldregister_2019-12-09_rev1.csv
local-authority-eng:NNUA,2021-09-08,http://www.nnjpu.org.uk/docs/BrownfieldLandRegisterTemplate%20-%202017%20Update%20-%20ONLINE%20VERSION.xlsm
local-authority-eng:NOR,2020-12-23, https://www.northampton.gov.uk/download/downloads/id/10730/brownfield-landcsv.csv
local-authority-eng:NOW,2020-12-23,https://www.norwich.gov.uk/download/downloads/id/4578/brownfield_land_register_csv.csv
local-authority-eng:NSM,2022-01-04,https://www.n-somerset.gov.uk/sites/default/files/2021-12/Brownfield%20register%202021.xlsx
local-authority-eng:NTY,2021-12-30,https://my.northtyneside.gov.uk/sites/default/files/web-page-related-files/brownfield-land.csv
local-authority-eng:NUN,2021-12-30,https://www.nuneatonandbedworth.gov.uk/downloads/file/4542/brownfield_register_2021
local-authority-eng:NWA,2020-03-10,https://www.northwarks.gov.uk/download/downloads/id/7760/brownfield_land_register.xlsx
local-authority-eng:NWL,2019-12-15,https://www.nwleics.gov.uk/files/documents/brownfield_land_register_2019_csv/northwestleicestershire_brownfieldregister_2019-12-31_rev1.csv
local-authority-eng:NWM,2021-09-08,https://www.newham.gov.uk/downloads/file/2640/newhambrownfieldregister-dec-2020-csv-
local-authority-eng:OAD,2021-01-04,https://www.oadby-wigston.gov.uk/files/documents/brownfield_land_register_part_1_2020/Brownfield%20Land%20Register%20Part%201%20%282020%29.xlsm
local-authority-eng:OLD,2019-10-20,https://www.oldham.gov.uk/download/downloads/id/5372/oldham_brownfield_register_2018_csv.csv
local-authority-eng:OXO,2021-09-08,https://www.oxford.gov.uk/download/downloads/id/7480/oxford_brownfield_register_-_march_2021_-_csv.csv
local-authority-eng:PEN,2020-03-10,https://www.pendle.gov.uk/download/downloads/id/10564/pendle_brownfield_register_csv.csv
local-authority-eng:PLY,2021-12-30,https://plymouth.thedata.place/dataset/ece0ce26-9d4f-4ee8-b054-783d6097a250/resource/17719632-178d-409c-9246-df2794ad581e/download/plymouth-brownfield-land-register-december-2021.csv
local-authority-eng:POL,2019-12-01,https://www.poole.gov.uk/EasySiteWeb/GatewayLink.aspx?alId=42476
local-authority-eng:POR,2020-10-19,https://www.portsmouth.gov.uk/wp-content/uploads/2020/05/development-and-planning-portsmouth-brownfield-land-register.xlsx
local-authority-eng:PRE,2019-12-16,https://www.preston.gov.uk/media/1736/Brownfield-Register/pdf/Brownfield-Land-Register-November-2018_(6)_(1).pdf?
local-authority-eng:PTE,2018-05-22,https://docs.google.com/spreadsheets/d/19I7Oh4cF3b4qtVJPhltbrtQ2X1J79hfMG6F_k4Ir88o/export?format=csv&id=19I7Oh4cF3b4qtVJPhltbrtQ2X1J79hfMG6F_k4Ir88o&gid=666617093
local-authority-eng:PUR,2019-11-30,https://www.dorsetcouncil.gov.uk/planning-buildings-land/planning-policy/purbeck/brownfield-register-purbeck/pdf/protected-purbeck-brownfield-land-register.csv
local-authority-eng:RCC,2020-01-10,https://www.redcar-cleveland.gov.uk/resident/planning-and-building/local-plan/Local%20Plan%20Documents/brownfield-land.csv
local-authority-eng:RCH,2019-12-15,http://www.rochdale.gov.uk/docs/2018-12-19-brownfield-land-register-december-2018-v3.csv
local-authority-eng:RDB,2018-05-22,https://s3.eu-west-2.amazonaws.com/digital-land/brownfield-sites/redbridge-brownfield-land-register.csv
local-authority-eng:RDG,2021-09-08,https://images.reading.gov.uk/2021/03/2020-Brownfield-Land-Register-Part-1.csv
local-authority-eng:RED,2018-05-22,http://www.redditchbc.gov.uk/media/3411563/Redditch-Brownfield-Land-Register.csv
local-authority-eng:REI,2020-12-16,https://www.reigate-banstead.gov.uk/download/downloads/id/6525/reigateandbanstead_brownfieldregister_2020_12_31_rev1.csv
local-authority-eng:RIB,2021-09-08,https://www.ribblevalley.gov.uk/download/downloads/id/11622/brownfield_register_-_excel.xlsm
local-authority-eng:RIC,2020-12-22,https://www.richmond.gov.uk/media/20455/brownfield_land.csv
local-authority-eng:RIH,2019-12-01,https://www.richmondshire.gov.uk/media/10133/brownfield-land-register-part-1-csv-format.csv
local-authority-eng:ROC,2020-10-19,https://www.rochford.gov.uk/brownfield-register-2020-spreadsheet-xlsx
local-authority-eng:ROH,2021-12-30,https://www.rother.gov.uk/wp-content/uploads/2021/12/brownfield-land.csv
local-authority-eng:ROS,2021-12-30,https://www.rossendale.gov.uk/download/downloads/id/15788/brownfield_land_register.csv
local-authority-eng:ROT,2020-12-15,https://www.rotherham.gov.uk/downloads/file/2179/brownfield-land-register-2020
local-authority-eng:RUG,2019-12-15,https://www.rugby.gov.uk/downloads/file/1475/brownfield_land_register_csv
local-authority-eng:RUH,2020-12-23,https://www.rushmoor.gov.uk/brownfieldlandregistercsv
local-authority-eng:RUN,2021-09-08,https://www.runnymede.gov.uk/downloads/file/724/brownfield-register
local-authority-eng:RUS,2020-10-19,https://www.rushcliffe.gov.uk/media/1rushcliffe/media/documents/excel/planningandbuilding/planningpolicy/brownfield%20register.csv
local-authority-eng:RUT,2018-05-22,https://www.rutland.gov.uk/_resources/assets/attachment/full/0/55748.xlsm
local-authority-eng:RYE,2021-09-08,https://www.ryedale.gov.uk/content/uploads/2021/06/ryedale_brownfieldregister_2017-12-22_rev2.pdf
local-authority-eng:SAL,2020-12-17,https://www.stalbans.gov.uk/sites/default/files/attachments/Brownfield%20Register%20CSV%20File%20-%20Dec%202020.csv
local-authority-eng:SAW,2018-05-22,http://www.sandwell.gov.uk/download/downloads/id/24171/sandwell_brownfield_register_csv.csv
local-authority-eng:SBU,2019-12-01,https://southbucks.gov.uk/media/12652/South-Bucks-Brownfield-Land-Register-Part-1/CSV/SB_Brownfield_Register_-_Part_1.csv
local-authority-eng:SCA,2019-12-15,https://data.cambridgeshireinsight.org.uk/sites/default/files/South%20Cambridgeshire%20Brownfield%20Land%20Register%202018.csv
local-authority-eng:SCE,2019-12-15,https://www.scarborough.gov.uk/sites/scarborough.gov.uk/files/files/scarborough_brownfieldregister_2019_nov.csv
local-authority-eng:SDE,2019-12-01,https://www.southderbyshire.gov.uk/assets/attach/5256/Brownfield%20register%202018.csv
local-authority-eng:SED,2018-05-22,https://www.westsuffolk.gov.uk/planning/Planning_Policies/upload/2017-12-13-Brownfield-land-register-csv-2.csv
local-authority-eng:SEG,2019-12-15,https://www.sedgemoor.gov.uk/media/3722/sedgemoor-brownfieldregister-2018-11-27-rev2/csv/sedgemoor_brownfieldregister_2018-11-27_rev2.csv
local-authority-eng:SEL,2019-12-15,https://www.selby.gov.uk/sites/default/files/Selby_Brownfield_Register_Final_V2_0.xlsx
local-authority-eng:SEV,2019-12-21,https://www.sevenoaks.gov.uk/download/downloads/id/1392/brownfield_land_register_-_december_2019_csv_file.csv
local-authority-eng:SFT,2021-09-08,https://www.sefton.gov.uk/media/4642/brownfield-land-register-2020.csv
local-authority-eng:SGC,2021-12-30,https://beta-edit.southglos.gov.uk/wp-content/uploads/south_gloucestershire_brownfieldregister_2021.csv
local-authority-eng:SHA,2020-10-19,https://www.southhams.gov.uk/media/5545/Brownfield-Sites-Register-2019-South-Hams/pdf/Final_PDF_file_for_South_Hams.pdf
local-authority-eng:SHE,2019-12-18,https://www.folkestone-hythe.gov.uk/media/1745/Brownfield-Register/Files/Brownfield_land_register_Nov_2017_v2_(1).xlsx
local-authority-eng:SHF,2019-12-15,https://www.sheffield.gov.uk/content/dam/sheffield/docs/planning-and-development/housing-land/Sheffield%20Brownfield%20Register.csv
local-authority-eng:SHN,2019-12-14,https://www.sthelens.gov.uk/media/7345/brownfield-land-register-hyperlinks-activated.csv
local-authority-eng:SHO,2020-12-22,https://www.sholland.gov.uk/media/17554/South-Holland-District-Brownfield-Land-Register-2020/CSV/SHDC-Planning-PlanningPolicy-BrownfieldLandRegister2020.csv?m=637437954154730000
local-authority-eng:SHR,2020-03-25,https://shropshire.gov.uk/media/14679/brownfield-register-2020-part-1-24-march-2020.csv
local-authority-eng:SKE,2018-05-22,http://www.southkesteven.gov.uk/CHttpHandler.ashx?id=22263&p=0
local-authority-eng:SKP,2019-12-15,https://s3-eu-west-1.amazonaws.com/live-iag-static-assets/pdf/LDF/Brownfield+Register/stockport_brownfieldregister_2018-12-11_rev1.csv
local-authority-eng:SLA,2020-12-22,https://www.southlakeland.gov.uk/media/7336/brownfield-land-register-2020.csv
local-authority-eng:SLF,2020-03-11,https://www.salford.gov.uk/media/394812/brownfield-land.csv
local-authority-eng:SLG,2021-09-08,https://www.slough.gov.uk/downloads/file/361/slough-brownfield-land-register-2019
local-authority-eng:SND,2021-12-30,https://www.sunderland.gov.uk/media/24692/Brownfield-Register-2021-Submission-CSV-Version/CSV/Brownfield_Register_2021_Submission_CSV_version.csv?m=637753298489330000
local-authority-eng:SNO,2021-09-08,https://www.southnorfolkandbroadland.gov.uk/downloads/file/438/south-norfolk-brownfield-register-2018-12-31-csv-copy-
local-authority-eng:SNR,2020-10-19,https://www.southnorthants.gov.uk/download/downloads/id/6806/brownfield-land-register-31-march-2020.xlsx
local-authority-eng:SOL,2021-09-08,https://www.solihull.gov.uk/sites/default/files/2021-04/Brownfield-Land-Register.csv
local-authority-eng:SOS,2020-10-19,https://www.southend.gov.uk/downloads/file/5346/southend-brownfield-register-2017-03-31-rev1
local-authority-eng:SOX,2022-01-04,https://www.southoxon.gov.uk/wp-content/uploads/sites/2/2021/12/South-Oxfordshire-District-Council-Brownfield-Register-2021.xlsx
local-authority-eng:SPE,2019-12-14,https://www.spelthorne.gov.uk/media/20374/Brownfield-Land-Register-2018/csv/Brownfield-Land-Register-2018.csv
local-authority-eng:SRI,2021-09-08,https://www.southribble.gov.uk/media/1368/Brownfield-Land-Register/Excel/brownfield-land.csv?m=637606563263070000
local-authority-eng:SSO,2020-03-31,https://www.southsomerset.gov.uk/media/3151/j-plan_pol-web-site-2020-brownfield-brownfield-register-dac-final-csv-xls.csv
local-authority-eng:SST,2020-03-13,https://www.sstaffs.gov.uk/doc/180553/name/BrownField%20Register%202019%20CSV.csv/
local-authority-eng:STA,2019-12-01,https://www.staffordbc.gov.uk/node/159465
local-authority-eng:STE,2019-12-22,https://www.stoke.gov.uk/download/downloads/id/1467/register_of_stoke-on-trent_brownfield_sites_2019.csv
local-authority-eng:STF,2020-03-31,https://www.staffsmoorlands.gov.uk/media/4895/brownfield-land.csv-Mar20/Excel/sm_brownfield-land.csv.csv
local-authority-eng:STH,2021-09-08,https://www.southampton.gov.uk/media/tiga150d/final-blr-2017x_tcm63-397444.csv
local-authority-eng:STN,2019-12-01,https://docs.google.com/spreadsheets/d/1h7dZcfx58Cw6pP_Vv9N_8Nx1o3zrSCnjqjgpO9s6gaA/gviz/tq?tqx=out:csv&sheet=Sutton
local-authority-eng:STO,2021-12-30,https://www.stroud.gov.uk/media/1784422/brownfield-land.csv
local-authority-eng:STR,2020-03-10,https://www.stratford.gov.uk/doc/209085/name/stratford%20brownfieldregister%202019%20.csv
local-authority-eng:STT,2019-11-24,https://www.stockton.gov.uk/media/1585243/stockton_brownfieldregister_2018-12-15_rev2.csv
local-authority-eng:STV,2021-09-08,https://www.stevenage.gov.uk/documents/planning-policy/brownfield-land-register/brownfield-land-register-2019-20.xlsx
local-authority-eng:STY,2018-05-22,https://www.southtyneside.gov.uk/media/29816/Register-of-Brownfield-Land/xls/STC_Brownfield.csv
local-authority-eng:SUF,2019-11-23,https://www.eastsuffolk.gov.uk/assets/Planning/Brownfield-Land-Register/East-Suffolk-Brownfield-Land-Register.csv
local-authority-eng:SUR,2020-12-23,https://www.surreyheath.gov.uk/sites/default/files/documents/residents/planning/planning-policy/Brownfieldregister/Surrey%20Heath%20Brownfield%20Register%202020.csv
local-authority-eng:SWD,2021-01-04,https://www.swindon.gov.uk/download/downloads/id/6840/brownfield_land.csv
local-authority-eng:SWK,2020-03-31,https://www.southwark.gov.uk/assets/attach/5763/Southwark-Brownfield-2020.xlsx
local-authority-eng:SWL,2021-09-10,https://archive.swale.gov.uk/assets/Planning-General/Planning-Policy/Brownfield-Land-Register/Register-2018-October-update-for-website-PASSWORD-PROTECTED.xlsx
local-authority-eng:SWT,2019-12-01,https://archive.swale.gov.uk/assets/Planning-General/Planning-Policy/Brownfield-Land-Register/Register-2018-October-update-for-website-PASSWORD-PROTECTED.xlsx
local-authority-eng:TAM,2018-05-22,https://www.tameside.gov.uk/planning/tameside_blr.csv
local-authority-eng:TAN,2021-09-08,https://www.tandridge.gov.uk/Portals/0/Documents/Planning%20and%20building/Planning%20strategies%20and%20policies/Local%20plan/Local%20plan%202033/tandridge_brownfieldregister_2020-11-23_rev1.csv?ver=2020-12-09-101207-180
local-authority-eng:TAU,2018-05-22,https://www.tauntondeane.gov.uk/media/2205/taunton-deane_brownfieldregister_2017-12-31_rev1.csv
local-authority-eng:TAW,2019-12-15,https://www.tamworth.gov.uk/sites/default/files/planning_docs/Brownfield_register/2018-BF-register.xlsx
local-authority-eng:TEI,2020-03-19,https://www.teignbridge.gov.uk/media/8848/brownfield-landcsv.csv
local-authority-eng:TEN,2019-12-15,https://www.tendringdc.gov.uk/sites/default/files/documents/planning/Planning_Policy/Brownfield%20Land%20Register%202019.csv
local-authority-eng:TES,2019-12-15,https://www.testvalley.gov.uk/assets/attach/9580/Test%20Valley%20Borough%20Council%20Brownfield%20Register%20December%202019.csv
local-authority-eng:TEW,2021-09-08,https://tewkesburyborough-my.sharepoint.com/:x:/g/personal/website_tewkesburyborough_onmicrosoft_com/Eb9ap8Rk7ElBlaJefaE65YwBnPNnjXnN5HeNfs7bh8zuFQ?rtime=bkVoFdBy2Ug
local-authority-eng:TFW,2021-12-30,https://www.telford.gov.uk/downloads/file/5092/telford_and_wrekin_brownfieldregister_2016-12-01_rev1_csv
local-authority-eng:THA,2018-07-01,https://www.thanet.gov.uk/media/4078482/BrownfieldLandRegisterThanetDC.csv
local-authority-eng:THE,2021-12-30,https://www.threerivers.gov.uk/download?id=51162
local-authority-eng:THR,2021-09-08,https://www.thurrock.gov.uk/sites/default/files/assets/documents/brownfield-register-202104-v01.csv
local-authority-eng:TOB,2021-09-10,https://www.torbay.gov.uk/media/12172/brownfield-land-dec-20.csv
local-authority-eng:TON,2021-09-08,https://www.tmbc.gov.uk/downloads/file/127/brownfield-register-2019
local-authority-eng:TOR,2021-12-30,https://www.torridge.gov.uk/media/21468/Brownfield-Land-Register/csv/brownfield-land.csv?m=637753497090400000
local-authority-eng:TRF,2021-12-30,http://www.trafford.gov.uk/planning/strategic-planning/docs/trafford-brownfieldregister.csv
local-authority-eng:TUN,2022-03-03,https://tunbridgewells.gov.uk/__data/assets/file/0019/343351/Final-Part-1-list-for-2021-2022-updated-31-01-2022.csv
local-authority-eng:TWH,2018-05-22,https://www.towerhamlets.gov.uk/Documents/Planning-and-building-control/Strategic-Planning/tower_hamlets_brownfieldregister_2017_11_27_rev1.csv
local-authority-eng:UTT,2019-11-24,https://www.uttlesford.gov.uk/media/7478/Brownfield-land-register-CSV-/CSV/Copy_of_Brownfield_Register_12.12.17.csv?m=636486971889630000
local-authority-eng:VAL,2022-01-04,https://www.whitehorsedc.gov.uk/wp-content/uploads/sites/3/2021/12/Vale-of-White-Horse-Distric-Council-Brownfield-Register-2021.xlsx
local-authority-eng:WAE,2022-03-09,https://www.waverley.gov.uk/Portals/0/Documents/services/planning-and-building/planning-strategies-and-policies/housing-supply-and-delivery/Waverley%20Brownfield%20Register.csv?ver=I74IENWZ66Yt3ZHnPs7kSg%3d%3d
local-authority-eng:WAT,2019-12-15,https://www.watford.gov.uk/download/downloads/id/3113/brownfield_land_register_2019.xlsx
local-authority-eng:WAV,2019-11-25,http://www.eastsuffolk.gov.uk/assets/Planning/Brownfield-Land-Register/Waveney-Brownfield-Land-Register.csv
local-authority-eng:WAW,2021-12-30,https://www.warwickdc.gov.uk/download/downloads/id/7144/brownfield_register_2021_-_csv.csv
local-authority-eng:WBK,2019-12-15,https://info.westberks.gov.uk/CHttpHandler.ashx?id=46724&p=0
local-authority-eng:WDE,2021-09-08,https://www.westdevon.gov.uk/media/6178/West-Devon-Brownfield-Site-Register-2021/zip/West_Devon_Brownfield_Register_2020_CSV.zip?m=637467511979630000
local-authority-eng:WDO,2019-12-01,https://www.dorsetcouncil.gov.uk/planning-buildings-land/planning-policy/west-dorset-and-weymouth-portland/local-plan-review/pdf/strategic-housing/west-dorset-district-council-brownfield-register-3rd-december-2017.csv
local-authority-eng:WEA,2020-02-07,https://www.wealden.gov.uk/UploadedFiles/Copy_of_Brownfield_Land_Register_-_December_2019.xlsx
local-authority-eng:WEL,2021-09-10,http://www.nnjpdu.org.uk/site/assets/files/1416/copy_of_brownfieldlandregistertemplate_-_2018_update_-_online_version.xlsm
local-authority-eng:WEW,2019-12-01,https://welhat.gov.uk/media/14921/Welwyn-Hatfield-Brownfield-Land-Register-2018-csv-/csv/welwynhatfield_brownfieldregister_2018_rev1.csv
local-authority-eng:WEY,2019-12-01,https://www.dorsetforyou.gov.uk/media/224215/Weymouth--Portland-Borough-Council---Brownfield-Register-3rd-December-2017/doc/20171219_WPBC_SHELAA_Export.csv
local-authority-eng:WFT,2022-01-04,https://www.walthamforest.gov.uk/sites/default/files/2022-01/2021%20Brownfield%20Land%20Register.xlsx
local-authority-eng:WGN,2021-12-30,https://www.wigan.gov.uk/Docs/PDF/Council/Strategies-Plans-and-Policies/Planning/Environment/Brownfield-Register-2021.csv
local-authority-eng:WIL,2020-10-19,https://www.wiltshire.gov.uk/media/4779/Brownfield-Land-Register-Part-1-2019/excel/Brownfield-land-register-part-1-2019.csv?m=637364736950830000
local-authority-eng:WIN,2022-03-09,https://www.winchester.gov.uk/assets/attach/31799/brownfield-sites.csv
local-authority-eng:WKF,2019-12-01,https://www.wakefield.gov.uk/Documents/planning/planning-policy/wakefield_brownfieldregister_2018-12-31_rev1.csv
local-authority-eng:WLA,2019-12-15,https://www.westlancs.gov.uk/media/544684/westlancashirebc_brownfieldregister_2018-12-31_rev2csv.csv
local-authority-eng:WLI,2020-12-16,https://www.west-lindsey.gov.uk/_resources/assets/attachment/full/0/55646.csv
local-authority-eng:WLL,2020-03-13,https://go.walsall.gov.uk/Portals/0/Uploads/Planning/Planning%20Policy/walsall_brownfieldregister-2017-12-29_for_web.csv
local-authority-eng:WLV,2018-07-31,https://s3.eu-west-2.amazonaws.com/digital-land/brownfield-sites/Wolverhampton+Brownfield+Register+2018.csv
local-authority-eng:WND,2019-12-19,https://www.wandsworth.gov.uk/media/5887/brownfield-land.csv
local-authority-eng:WNM,2020-10-19,https://www.rbwm.gov.uk/sites/default/files/2020-05/pp_rbwm_brownfieldregister_2017_11_27.csv
local-authority-eng:WOC,2022-03-09,https://www.worcester.gov.uk/filelink/fileman-files/PDF%20Documents/Planning/planning_policy/brownfieldsites/Brownfield%20Land%20Register%202021.csv
local-authority-eng:WOI,2020-12-23,https://www.woking2027.info/ldfregisters/brownfieldlandregistercsv.csv
local-authority-eng:WOK,2020-12-31,https://www.wokingham.gov.uk/_resources/assets/attachment/full/0/536964.csv
local-authority-eng:WOT,2021-09-10,"https://www.adur-worthing.gov.uk/media/Media,146509,smxx.csv"
local-authority-eng:WOX,2020-10-19,https://www.westoxon.gov.uk/media/0vin5s0r/brownfield-land-register.csv
local-authority-eng:WRL,2019-12-01,https://www.wirral.gov.uk/sites/default/files/all/planning%20and%20building/Local%20plans%20and%20planning%20policy/Brownfield%20Register/2018/Wirral%20Brownfield%20Part1%20Sites%20Dec2018.csv
local-authority-eng:WRT,2019-12-01,https://www.warrington.gov.uk/sites/default/files/2019-08/brownfield_land_register_2017.xls
local-authority-eng:WSK,2020-12-31,https://www.westsuffolk.gov.uk/planning/Planning_Policies/upload/westsuffolk_brownfieldregister_2020-12-30_1.csv
local-authority-eng:WSM,2021-01-04,https://www.westminster.gov.uk/sites/default/files/wcc_brownfieldregister_2020.csv
local-authority-eng:WSO,2018-05-22,https://www.westsomersetonline.gov.uk/Docs/Brownfield-Register/west-somerset_brownfieldregister_2017-12-31_rev1.aspx
local-authority-eng:WYC,2019-12-01,https://www.wychavon.gov.uk/?option=com_fileman&view=file&routed=1&name=Wychavon%20District%20Brownfield%20Land%20Register%20-%20Spreadsheet.xls&folder=Documents%2FPlanning&container=fileman-files
local-authority-eng:WYE,2021-09-08,https://www.wyreforestdc.gov.uk/media/5vkl4t5d/december2019blr-revised-format-1.xlsx
local-authority-eng:WYO,2019-11-24,http://data.wycombe.gov.uk/download/planning/brownfield-land-register/brownfield-land-register-2017/CSV?version=21/08/2019
local-authority-eng:WYR,2021-09-08,https://www.wyre.gov.uk/downloads/file/380/brownfield-land-register
local-authority-eng:YOR,2019-12-22,https://data.yorkopendata.org/dataset/7b937604-a03f-406b-a50c-e0ae1e260d1e/resource/d525b526-f226-4968-a9a1-a07f8a5557fc/download/brownfieldregister2019.csv
